Any,Codi_Districte,Nom_Districte,Codi_Barri,Nom_Barri,AEB,Seccio_Censal,Valor
2020,1,Ciutat Vella,1,el Raval,1,1001,100
2020,1,Ciutat Vella,1,el Raval,1,1002,162
2020,1,Ciutat Vella,1,el Raval,2,1003,272
2020,1,Ciutat Vella,1,el Raval,2,1004,285
2020,1,Ciutat Vella,1,el Raval,3,1005,206
2020,1,Ciutat Vella,1,el Raval,3,1006,178
2020,1,Ciutat Vella,1,el Raval,3,1007,179
2020,1,Ciutat Vella,1,el Raval,4,1008,299
2020,1,Ciutat Vella,1,el Raval,4,1009,178
2020,1,Ciutat Vella,1,el Raval,4,1010,244
2020,1,Ciutat Vella,1,el Raval,5,1011,309
2020,1,Ciutat Vella,1,el Raval,5,1012,150
2020,1,Ciutat Vella,1,el Raval,5,1013,77
2020,1,Ciutat Vella,1,el Raval,6,1014,164
2020,1,Ciutat Vella,1,el Raval,6,1015,175
2020,1,Ciutat Vella,1,el Raval,6,1016,126
2020,1,Ciutat Vella,1,el Raval,6,1017,173
2020,1,Ciutat Vella,1,el Raval,7,1018,82
2020,1,Ciutat Vella,1,el Raval,7,1019,256
2020,1,Ciutat Vella,1,el Raval,7,1020,197
2020,1,Ciutat Vella,1,el Raval,8,1021,183
2020,1,Ciutat Vella,2,el Barri Gòtic,9,1022,256
2020,1,Ciutat Vella,2,el Barri Gòtic,9,1023,176
2020,1,Ciutat Vella,2,el Barri Gòtic,10,1025,165
2020,1,Ciutat Vella,2,el Barri Gòtic,10,1026,1169
2020,1,Ciutat Vella,2,el Barri Gòtic,10,1027,161
2020,1,Ciutat Vella,2,el Barri Gòtic,11,1028,236
2020,1,Ciutat Vella,2,el Barri Gòtic,11,1029,197
2020,1,Ciutat Vella,2,el Barri Gòtic,12,1030,229
2020,1,Ciutat Vella,2,el Barri Gòtic,12,1031,183
2020,1,Ciutat Vella,3,la Barceloneta,13,1032,176
2020,1,Ciutat Vella,3,la Barceloneta,13,1033,136
2020,1,Ciutat Vella,3,la Barceloneta,13,1034,128
2020,1,Ciutat Vella,3,la Barceloneta,14,1035,103
2020,1,Ciutat Vella,3,la Barceloneta,14,1036,63
2020,1,Ciutat Vella,3,la Barceloneta,15,1037,93
2020,1,Ciutat Vella,3,la Barceloneta,15,1038,153
2020,1,Ciutat Vella,3,la Barceloneta,15,1039,109
2020,1,Ciutat Vella,3,la Barceloneta,15,1040,109
2020,1,Ciutat Vella,3,la Barceloneta,15,1041,182
2020,1,Ciutat Vella,3,la Barceloneta,15,1042,61
2020,1,Ciutat Vella,4,"Sant Pere, Santa Caterina i la Ribera",16,1043,122
2020,1,Ciutat Vella,4,"Sant Pere, Santa Caterina i la Ribera",16,1044,98
2020,1,Ciutat Vella,4,"Sant Pere, Santa Caterina i la Ribera",16,1045,227
2020,1,Ciutat Vella,4,"Sant Pere, Santa Caterina i la Ribera",16,1046,184
2020,1,Ciutat Vella,4,"Sant Pere, Santa Caterina i la Ribera",17,1047,204
2020,1,Ciutat Vella,4,"Sant Pere, Santa Caterina i la Ribera",17,1048,169
2020,1,Ciutat Vella,4,"Sant Pere, Santa Caterina i la Ribera",17,1049,165
2020,1,Ciutat Vella,4,"Sant Pere, Santa Caterina i la Ribera",18,1050,135
2020,1,Ciutat Vella,4,"Sant Pere, Santa Caterina i la Ribera",18,1051,197
2020,1,Ciutat Vella,4,"Sant Pere, Santa Caterina i la Ribera",18,1052,249
2020,1,Ciutat Vella,4,"Sant Pere, Santa Caterina i la Ribera",19,1053,149
2020,1,Ciutat Vella,4,"Sant Pere, Santa Caterina i la Ribera",19,1054,98
2020,1,Ciutat Vella,4,"Sant Pere, Santa Caterina i la Ribera",19,1055,66
2020,2,Eixample,5,el Fort Pienc,20,2001,47
2020,2,Eixample,5,el Fort Pienc,20,2002,447
2020,2,Eixample,5,el Fort Pienc,20,2003,29
2020,2,Eixample,5,el Fort Pienc,20,2004,103
2020,2,Eixample,5,el Fort Pienc,20,2005,76
2020,2,Eixample,5,el Fort Pienc,20,2006,85
2020,2,Eixample,5,el Fort Pienc,20,2007,57
2020,2,Eixample,5,el Fort Pienc,20,2008,82
2020,2,Eixample,5,el Fort Pienc,20,2009,87
2020,2,Eixample,5,el Fort Pienc,21,2010,50
2020,2,Eixample,5,el Fort Pienc,21,2011,44
2020,2,Eixample,5,el Fort Pienc,21,2012,79
2020,2,Eixample,5,el Fort Pienc,21,2013,58
2020,2,Eixample,5,el Fort Pienc,22,2014,75
2020,2,Eixample,5,el Fort Pienc,22,2015,92
2020,2,Eixample,5,el Fort Pienc,22,2016,58
2020,2,Eixample,5,el Fort Pienc,22,2017,104
2020,2,Eixample,5,el Fort Pienc,22,2018,78
2020,2,Eixample,5,el Fort Pienc,22,2019,103
2020,2,Eixample,5,el Fort Pienc,22,2020,122
2020,2,Eixample,6,la Sagrada Família,23,2021,63
2020,2,Eixample,6,la Sagrada Família,23,2022,65
2020,2,Eixample,6,la Sagrada Família,23,2023,47
2020,2,Eixample,6,la Sagrada Família,23,2024,72
2020,2,Eixample,6,la Sagrada Família,24,2025,53
2020,2,Eixample,6,la Sagrada Família,24,2026,143
2020,2,Eixample,6,la Sagrada Família,24,2027,142
2020,2,Eixample,6,la Sagrada Família,24,2028,105
2020,2,Eixample,6,la Sagrada Família,24,2029,52
2020,2,Eixample,6,la Sagrada Família,24,2030,65
2020,2,Eixample,6,la Sagrada Família,24,2031,24
2020,2,Eixample,6,la Sagrada Família,24,2032,49
2020,2,Eixample,6,la Sagrada Família,25,2033,58
2020,2,Eixample,6,la Sagrada Família,25,2034,86
2020,2,Eixample,6,la Sagrada Família,25,2035,61
2020,2,Eixample,6,la Sagrada Família,25,2036,45
2020,2,Eixample,6,la Sagrada Família,25,2037,47
2020,2,Eixample,6,la Sagrada Família,25,2038,77
2020,2,Eixample,6,la Sagrada Família,25,2039,114
2020,2,Eixample,6,la Sagrada Família,25,2040,106
2020,2,Eixample,6,la Sagrada Família,26,2041,83
2020,2,Eixample,6,la Sagrada Família,26,2042,52
2020,2,Eixample,6,la Sagrada Família,26,2043,47
2020,2,Eixample,6,la Sagrada Família,26,2044,66
2020,2,Eixample,6,la Sagrada Família,26,2045,48
2020,2,Eixample,6,la Sagrada Família,26,2046,104
2020,2,Eixample,6,la Sagrada Família,26,2047,98
2020,2,Eixample,6,la Sagrada Família,26,2048,78
2020,2,Eixample,6,la Sagrada Família,27,2049,165
2020,2,Eixample,6,la Sagrada Família,27,2050,112
2020,2,Eixample,6,la Sagrada Família,27,2051,148
2020,2,Eixample,6,la Sagrada Família,27,2052,110
2020,2,Eixample,6,la Sagrada Família,27,2053,125
2020,2,Eixample,6,la Sagrada Família,27,2054,96
2020,2,Eixample,7,la Dreta de l'Eixample,28,2055,102
2020,2,Eixample,7,la Dreta de l'Eixample,28,2056,83
2020,2,Eixample,7,la Dreta de l'Eixample,28,2057,45
2020,2,Eixample,7,la Dreta de l'Eixample,28,2058,43
2020,2,Eixample,7,la Dreta de l'Eixample,28,2059,73
2020,2,Eixample,7,la Dreta de l'Eixample,28,2060,95
2020,2,Eixample,7,la Dreta de l'Eixample,29,2061,98
2020,2,Eixample,7,la Dreta de l'Eixample,29,2062,119
2020,2,Eixample,7,la Dreta de l'Eixample,29,2063,49
2020,2,Eixample,7,la Dreta de l'Eixample,29,2064,60
2020,2,Eixample,7,la Dreta de l'Eixample,29,2065,116
2020,2,Eixample,7,la Dreta de l'Eixample,30,2066,78
2020,2,Eixample,7,la Dreta de l'Eixample,30,2067,114
2020,2,Eixample,7,la Dreta de l'Eixample,30,2068,94
2020,2,Eixample,7,la Dreta de l'Eixample,30,2069,61
2020,2,Eixample,7,la Dreta de l'Eixample,31,2070,104
2020,2,Eixample,7,la Dreta de l'Eixample,31,2071,108
2020,2,Eixample,7,la Dreta de l'Eixample,31,2072,66
2020,2,Eixample,7,la Dreta de l'Eixample,32,2073,155
2020,2,Eixample,7,la Dreta de l'Eixample,32,2074,99
2020,2,Eixample,7,la Dreta de l'Eixample,32,2075,89
2020,2,Eixample,7,la Dreta de l'Eixample,32,2076,91
2020,2,Eixample,7,la Dreta de l'Eixample,33,2077,180
2020,2,Eixample,7,la Dreta de l'Eixample,34,2078,139
2020,2,Eixample,7,la Dreta de l'Eixample,34,2079,158
2020,2,Eixample,7,la Dreta de l'Eixample,35,2080,123
2020,2,Eixample,7,la Dreta de l'Eixample,35,2081,151
2020,2,Eixample,7,la Dreta de l'Eixample,36,2082,53
2020,2,Eixample,7,la Dreta de l'Eixample,36,2083,133
2020,2,Eixample,8,l'Antiga Esquerra de l'Eixample,37,2084,146
2020,2,Eixample,8,l'Antiga Esquerra de l'Eixample,37,2085,70
2020,2,Eixample,8,l'Antiga Esquerra de l'Eixample,37,2086,82
2020,2,Eixample,8,l'Antiga Esquerra de l'Eixample,37,2087,75
2020,2,Eixample,8,l'Antiga Esquerra de l'Eixample,38,2088,77
2020,2,Eixample,8,l'Antiga Esquerra de l'Eixample,38,2089,107
2020,2,Eixample,8,l'Antiga Esquerra de l'Eixample,38,2090,151
2020,2,Eixample,8,l'Antiga Esquerra de l'Eixample,39,2091,195
2020,2,Eixample,8,l'Antiga Esquerra de l'Eixample,39,2092,239
2020,2,Eixample,8,l'Antiga Esquerra de l'Eixample,40,2093,134
2020,2,Eixample,8,l'Antiga Esquerra de l'Eixample,40,2094,81
2020,2,Eixample,8,l'Antiga Esquerra de l'Eixample,40,2095,108
2020,2,Eixample,8,l'Antiga Esquerra de l'Eixample,40,2096,89
2020,2,Eixample,8,l'Antiga Esquerra de l'Eixample,40,2097,59
2020,2,Eixample,8,l'Antiga Esquerra de l'Eixample,41,2098,83
2020,2,Eixample,8,l'Antiga Esquerra de l'Eixample,41,2099,105
2020,2,Eixample,8,l'Antiga Esquerra de l'Eixample,41,2100,65
2020,2,Eixample,8,l'Antiga Esquerra de l'Eixample,41,2101,119
2020,2,Eixample,8,l'Antiga Esquerra de l'Eixample,42,2102,51
2020,2,Eixample,8,l'Antiga Esquerra de l'Eixample,42,2103,110
2020,2,Eixample,8,l'Antiga Esquerra de l'Eixample,42,2104,57
2020,2,Eixample,8,l'Antiga Esquerra de l'Eixample,42,2105,156
2020,2,Eixample,8,l'Antiga Esquerra de l'Eixample,43,2106,53
2020,2,Eixample,8,l'Antiga Esquerra de l'Eixample,43,2107,73
2020,2,Eixample,8,l'Antiga Esquerra de l'Eixample,43,2108,41
2020,2,Eixample,8,l'Antiga Esquerra de l'Eixample,43,2109,76
2020,2,Eixample,9,la Nova Esquerra de l'Eixample,44,2110,131
2020,2,Eixample,9,la Nova Esquerra de l'Eixample,44,2111,70
2020,2,Eixample,9,la Nova Esquerra de l'Eixample,44,2112,62
2020,2,Eixample,9,la Nova Esquerra de l'Eixample,44,2113,69
2020,2,Eixample,9,la Nova Esquerra de l'Eixample,44,2114,74
2020,2,Eixample,9,la Nova Esquerra de l'Eixample,45,2115,56
2020,2,Eixample,9,la Nova Esquerra de l'Eixample,45,2116,31
2020,2,Eixample,9,la Nova Esquerra de l'Eixample,45,2117,59
2020,2,Eixample,9,la Nova Esquerra de l'Eixample,45,2118,63
2020,2,Eixample,9,la Nova Esquerra de l'Eixample,45,2119,48
2020,2,Eixample,9,la Nova Esquerra de l'Eixample,45,2120,62
2020,2,Eixample,9,la Nova Esquerra de l'Eixample,45,2121,35
2020,2,Eixample,9,la Nova Esquerra de l'Eixample,45,2122,43
2020,2,Eixample,9,la Nova Esquerra de l'Eixample,45,2123,70
2020,2,Eixample,9,la Nova Esquerra de l'Eixample,46,2124,31
2020,2,Eixample,9,la Nova Esquerra de l'Eixample,46,2125,72
2020,2,Eixample,9,la Nova Esquerra de l'Eixample,46,2126,74
2020,2,Eixample,9,la Nova Esquerra de l'Eixample,46,2127,78
2020,2,Eixample,9,la Nova Esquerra de l'Eixample,46,2128,88
2020,2,Eixample,9,la Nova Esquerra de l'Eixample,46,2129,89
2020,2,Eixample,9,la Nova Esquerra de l'Eixample,47,2130,26
2020,2,Eixample,9,la Nova Esquerra de l'Eixample,47,2131,62
2020,2,Eixample,9,la Nova Esquerra de l'Eixample,47,2132,45
2020,2,Eixample,9,la Nova Esquerra de l'Eixample,47,2133,31
2020,2,Eixample,9,la Nova Esquerra de l'Eixample,47,2134,68
2020,2,Eixample,9,la Nova Esquerra de l'Eixample,47,2135,109
2020,2,Eixample,9,la Nova Esquerra de l'Eixample,47,2136,36
2020,2,Eixample,9,la Nova Esquerra de l'Eixample,48,2137,101
2020,2,Eixample,9,la Nova Esquerra de l'Eixample,48,2138,82
2020,2,Eixample,9,la Nova Esquerra de l'Eixample,48,2139,110
2020,2,Eixample,9,la Nova Esquerra de l'Eixample,48,2140,104
2020,2,Eixample,9,la Nova Esquerra de l'Eixample,48,2141,55
2020,2,Eixample,9,la Nova Esquerra de l'Eixample,49,2142,125
2020,2,Eixample,9,la Nova Esquerra de l'Eixample,49,2143,70
2020,2,Eixample,9,la Nova Esquerra de l'Eixample,49,2144,96
2020,2,Eixample,9,la Nova Esquerra de l'Eixample,49,2145,83
2020,2,Eixample,9,la Nova Esquerra de l'Eixample,50,2146,66
2020,2,Eixample,9,la Nova Esquerra de l'Eixample,50,2147,108
2020,2,Eixample,9,la Nova Esquerra de l'Eixample,50,2148,98
2020,2,Eixample,9,la Nova Esquerra de l'Eixample,50,2149,98
2020,2,Eixample,10,Sant Antoni,51,2150,109
2020,2,Eixample,10,Sant Antoni,51,2151,68
2020,2,Eixample,10,Sant Antoni,51,2152,53
2020,2,Eixample,10,Sant Antoni,51,2153,34
2020,2,Eixample,10,Sant Antoni,51,2154,62
2020,2,Eixample,10,Sant Antoni,51,2155,67
2020,2,Eixample,10,Sant Antoni,51,2156,57
2020,2,Eixample,10,Sant Antoni,51,2157,55
2020,2,Eixample,10,Sant Antoni,52,2158,76
2020,2,Eixample,10,Sant Antoni,52,2159,96
2020,2,Eixample,10,Sant Antoni,52,2160,80
2020,2,Eixample,10,Sant Antoni,52,2161,73
2020,2,Eixample,10,Sant Antoni,52,2162,73
2020,2,Eixample,10,Sant Antoni,53,2163,110
2020,2,Eixample,10,Sant Antoni,53,2164,102
2020,2,Eixample,10,Sant Antoni,53,2165,92
2020,2,Eixample,10,Sant Antoni,54,2166,122
2020,2,Eixample,10,Sant Antoni,54,2167,69
2020,2,Eixample,10,Sant Antoni,54,2168,114
2020,2,Eixample,10,Sant Antoni,55,2169,71
2020,2,Eixample,10,Sant Antoni,55,2170,71
2020,2,Eixample,10,Sant Antoni,55,2171,79
2020,2,Eixample,10,Sant Antoni,55,2172,89
2020,2,Eixample,10,Sant Antoni,55,2173,67
2020,3,Sants-Montjuïc,11,el Poble-sec,56,3001,75
2020,3,Sants-Montjuïc,11,el Poble-sec,56,3002,120
2020,3,Sants-Montjuïc,11,el Poble-sec,56,3003,96
2020,3,Sants-Montjuïc,11,el Poble-sec,56,3004,105
2020,3,Sants-Montjuïc,11,el Poble-sec,56,3005,60
2020,3,Sants-Montjuïc,11,el Poble-sec,56,3006,80
2020,3,Sants-Montjuïc,11,el Poble-sec,56,3007,99
2020,3,Sants-Montjuïc,11,el Poble-sec,56,3008,77
2020,3,Sants-Montjuïc,11,el Poble-sec,56,3009,71
2020,3,Sants-Montjuïc,11,el Poble-sec,57,3010,101
2020,3,Sants-Montjuïc,11,el Poble-sec,57,3011,103
2020,3,Sants-Montjuïc,11,el Poble-sec,57,3012,138
2020,3,Sants-Montjuïc,11,el Poble-sec,57,3013,114
2020,3,Sants-Montjuïc,11,el Poble-sec,57,3014,129
2020,3,Sants-Montjuïc,11,el Poble-sec,57,3015,182
2020,3,Sants-Montjuïc,11,el Poble-sec,57,3016,89
2020,3,Sants-Montjuïc,11,el Poble-sec,57,3017,136
2020,3,Sants-Montjuïc,11,el Poble-sec,58,3018,79
2020,3,Sants-Montjuïc,11,el Poble-sec,58,3019,92
2020,3,Sants-Montjuïc,11,el Poble-sec,58,3020,62
2020,3,Sants-Montjuïc,11,el Poble-sec,58,3021,25
2020,3,Sants-Montjuïc,11,el Poble-sec,58,3022,53
2020,3,Sants-Montjuïc,11,el Poble-sec,59,3023,113
2020,3,Sants-Montjuïc,11,el Poble-sec,59,3024,101
2020,3,Sants-Montjuïc,12,la Marina del Prat Vermell,60,3025,32
2020,3,Sants-Montjuïc,13,la Marina de Port,61,3026,35
2020,3,Sants-Montjuïc,13,la Marina de Port,61,3027,37
2020,3,Sants-Montjuïc,13,la Marina de Port,61,3028,118
2020,3,Sants-Montjuïc,13,la Marina de Port,61,3029,20
2020,3,Sants-Montjuïc,13,la Marina de Port,61,3030,72
2020,3,Sants-Montjuïc,13,la Marina de Port,62,3031,52
2020,3,Sants-Montjuïc,13,la Marina de Port,62,3032,63
2020,3,Sants-Montjuïc,13,la Marina de Port,62,3033,72
2020,3,Sants-Montjuïc,13,la Marina de Port,62,3034,61
2020,3,Sants-Montjuïc,13,la Marina de Port,62,3211,43
2020,3,Sants-Montjuïc,13,la Marina de Port,63,3035,70
2020,3,Sants-Montjuïc,13,la Marina de Port,63,3036,55
2020,3,Sants-Montjuïc,13,la Marina de Port,63,3037,21
2020,3,Sants-Montjuïc,13,la Marina de Port,63,3212,89
2020,3,Sants-Montjuïc,13,la Marina de Port,63,3213,116
2020,3,Sants-Montjuïc,13,la Marina de Port,64,3038,21
2020,3,Sants-Montjuïc,13,la Marina de Port,64,3039,95
2020,3,Sants-Montjuïc,14,la Font de la Guatlla,65,3040,55
2020,3,Sants-Montjuïc,14,la Font de la Guatlla,65,3041,66
2020,3,Sants-Montjuïc,14,la Font de la Guatlla,65,3042,73
2020,3,Sants-Montjuïc,14,la Font de la Guatlla,65,3043,81
2020,3,Sants-Montjuïc,14,la Font de la Guatlla,65,3044,107
2020,3,Sants-Montjuïc,14,la Font de la Guatlla,65,3045,41
2020,3,Sants-Montjuïc,14,la Font de la Guatlla,65,3046,53
2020,3,Sants-Montjuïc,15,Hostafrancs,66,3047,85
2020,3,Sants-Montjuïc,15,Hostafrancs,66,3048,67
2020,3,Sants-Montjuïc,15,Hostafrancs,66,3049,76
2020,3,Sants-Montjuïc,15,Hostafrancs,66,3050,86
2020,3,Sants-Montjuïc,15,Hostafrancs,67,3051,128
2020,3,Sants-Montjuïc,15,Hostafrancs,67,3052,86
2020,3,Sants-Montjuïc,15,Hostafrancs,67,3053,152
2020,3,Sants-Montjuïc,15,Hostafrancs,67,3054,55
2020,3,Sants-Montjuïc,15,Hostafrancs,67,3055,89
2020,3,Sants-Montjuïc,15,Hostafrancs,67,3056,76
2020,3,Sants-Montjuïc,16,la Bordeta,68,3057,47
2020,3,Sants-Montjuïc,16,la Bordeta,68,3058,67
2020,3,Sants-Montjuïc,16,la Bordeta,68,3059,56
2020,3,Sants-Montjuïc,16,la Bordeta,68,3060,37
2020,3,Sants-Montjuïc,16,la Bordeta,68,3061,70
2020,3,Sants-Montjuïc,16,la Bordeta,69,3062,53
2020,3,Sants-Montjuïc,16,la Bordeta,69,3063,85
2020,3,Sants-Montjuïc,16,la Bordeta,69,3064,54
2020,3,Sants-Montjuïc,16,la Bordeta,69,3065,37
2020,3,Sants-Montjuïc,16,la Bordeta,69,3066,104
2020,3,Sants-Montjuïc,16,la Bordeta,69,3067,73
2020,3,Sants-Montjuïc,16,la Bordeta,69,3068,33
2020,3,Sants-Montjuïc,16,la Bordeta,69,3069,46
2020,3,Sants-Montjuïc,17,Sants - Badal,70,3070,59
2020,3,Sants-Montjuïc,17,Sants - Badal,70,3071,87
2020,3,Sants-Montjuïc,17,Sants - Badal,70,3072,70
2020,3,Sants-Montjuïc,17,Sants - Badal,70,3073,67
2020,3,Sants-Montjuïc,17,Sants - Badal,70,3074,80
2020,3,Sants-Montjuïc,17,Sants - Badal,70,3075,72
2020,3,Sants-Montjuïc,17,Sants - Badal,70,3076,65
2020,3,Sants-Montjuïc,17,Sants - Badal,70,3077,81
2020,3,Sants-Montjuïc,17,Sants - Badal,70,3078,132
2020,3,Sants-Montjuïc,17,Sants - Badal,70,3079,110
2020,3,Sants-Montjuïc,17,Sants - Badal,70,3080,66
2020,3,Sants-Montjuïc,17,Sants - Badal,71,3081,116
2020,3,Sants-Montjuïc,17,Sants - Badal,71,3082,80
2020,3,Sants-Montjuïc,17,Sants - Badal,71,3083,59
2020,3,Sants-Montjuïc,17,Sants - Badal,71,3084,35
2020,3,Sants-Montjuïc,17,Sants - Badal,71,3085,77
2020,3,Sants-Montjuïc,18,Sants,72,3086,40
2020,3,Sants-Montjuïc,18,Sants,72,3087,36
2020,3,Sants-Montjuïc,18,Sants,72,3088,62
2020,3,Sants-Montjuïc,18,Sants,72,3089,42
2020,3,Sants-Montjuïc,18,Sants,72,3090,23
2020,3,Sants-Montjuïc,18,Sants,72,3091,84
2020,3,Sants-Montjuïc,18,Sants,72,3092,52
2020,3,Sants-Montjuïc,18,Sants,72,3093,39
2020,3,Sants-Montjuïc,18,Sants,72,3094,62
2020,3,Sants-Montjuïc,18,Sants,73,3095,79
2020,3,Sants-Montjuïc,18,Sants,73,3096,72
2020,3,Sants-Montjuïc,18,Sants,73,3097,125
2020,3,Sants-Montjuïc,18,Sants,73,3098,65
2020,3,Sants-Montjuïc,18,Sants,73,3099,36
2020,3,Sants-Montjuïc,18,Sants,73,3100,61
2020,3,Sants-Montjuïc,18,Sants,74,3101,701
2020,3,Sants-Montjuïc,18,Sants,74,3102,48
2020,3,Sants-Montjuïc,18,Sants,74,3103,36
2020,3,Sants-Montjuïc,18,Sants,74,3104,94
2020,3,Sants-Montjuïc,18,Sants,75,3105,65
2020,3,Sants-Montjuïc,18,Sants,75,3106,53
2020,3,Sants-Montjuïc,18,Sants,76,3107,126
2020,3,Sants-Montjuïc,18,Sants,76,3108,85
2020,3,Sants-Montjuïc,18,Sants,76,3109,49
2020,3,Sants-Montjuïc,18,Sants,76,3110,85
2020,3,Sants-Montjuïc,18,Sants,76,3111,59
2020,3,Sants-Montjuïc,18,Sants,76,3112,80
2020,3,Sants-Montjuïc,18,Sants,76,3113,78
2020,3,Sants-Montjuïc,18,Sants,76,3114,65
2020,4,Les Corts,19,les Corts,77,4001,59
2020,4,Les Corts,19,les Corts,77,4002,40
2020,4,Les Corts,19,les Corts,77,4003,34
2020,4,Les Corts,19,les Corts,77,4004,46
2020,4,Les Corts,19,les Corts,77,4005,45
2020,4,Les Corts,19,les Corts,77,4006,35
2020,4,Les Corts,19,les Corts,77,4007,38
2020,4,Les Corts,19,les Corts,77,4008,39
2020,4,Les Corts,19,les Corts,77,4009,56
2020,4,Les Corts,19,les Corts,78,4010,32
2020,4,Les Corts,19,les Corts,78,4011,55
2020,4,Les Corts,19,les Corts,78,4012,36
2020,4,Les Corts,19,les Corts,78,4013,41
2020,4,Les Corts,19,les Corts,78,4014,18
2020,4,Les Corts,19,les Corts,78,4015,56
2020,4,Les Corts,19,les Corts,78,4016,43
2020,4,Les Corts,19,les Corts,79,4017,50
2020,4,Les Corts,19,les Corts,79,4018,32
2020,4,Les Corts,19,les Corts,79,4019,39
2020,4,Les Corts,19,les Corts,79,4020,51
2020,4,Les Corts,19,les Corts,79,4021,46
2020,4,Les Corts,19,les Corts,80,4022,101
2020,4,Les Corts,19,les Corts,81,4023,29
2020,4,Les Corts,19,les Corts,81,4024,19
2020,4,Les Corts,19,les Corts,82,4025,47
2020,4,Les Corts,19,les Corts,82,4026,29
2020,4,Les Corts,19,les Corts,82,4027,74
2020,4,Les Corts,19,les Corts,83,4028,55
2020,4,Les Corts,19,les Corts,83,4029,27
2020,4,Les Corts,19,les Corts,83,4030,45
2020,4,Les Corts,19,les Corts,84,4031,102
2020,4,Les Corts,19,les Corts,84,4032,49
2020,4,Les Corts,19,les Corts,84,4033,39
2020,4,Les Corts,19,les Corts,84,4034,41
2020,4,Les Corts,19,les Corts,84,4035,43
2020,4,Les Corts,20,la Maternitat i Sant Ramon,85,4036,80
2020,4,Les Corts,20,la Maternitat i Sant Ramon,85,4037,102
2020,4,Les Corts,20,la Maternitat i Sant Ramon,85,4038,41
2020,4,Les Corts,20,la Maternitat i Sant Ramon,85,4039,60
2020,4,Les Corts,20,la Maternitat i Sant Ramon,85,4040,110
2020,4,Les Corts,20,la Maternitat i Sant Ramon,85,4041,101
2020,4,Les Corts,20,la Maternitat i Sant Ramon,85,4042,103
2020,4,Les Corts,20,la Maternitat i Sant Ramon,86,4043,37
2020,4,Les Corts,20,la Maternitat i Sant Ramon,86,4044,54
2020,4,Les Corts,20,la Maternitat i Sant Ramon,86,4045,63
2020,4,Les Corts,20,la Maternitat i Sant Ramon,86,4046,58
2020,4,Les Corts,20,la Maternitat i Sant Ramon,86,4047,87
2020,4,Les Corts,20,la Maternitat i Sant Ramon,87,4048,52
2020,4,Les Corts,20,la Maternitat i Sant Ramon,87,4049,48
2020,4,Les Corts,20,la Maternitat i Sant Ramon,87,4084,40
2020,4,Les Corts,21,Pedralbes,88,4050,80
2020,4,Les Corts,21,Pedralbes,88,4051,54
2020,4,Les Corts,21,Pedralbes,88,4052,70
2020,4,Les Corts,21,Pedralbes,89,4053,128
2020,4,Les Corts,21,Pedralbes,89,4054,25
2020,4,Les Corts,21,Pedralbes,90,4055,62
2020,4,Les Corts,21,Pedralbes,90,4056,91
2020,5,Sarrià-Sant Gervasi,22,"Vallvidrera, el Tibidabo i les Planes",91,5001,62
2020,5,Sarrià-Sant Gervasi,22,"Vallvidrera, el Tibidabo i les Planes",92,5002,35
2020,5,Sarrià-Sant Gervasi,22,"Vallvidrera, el Tibidabo i les Planes",92,5003,37
2020,5,Sarrià-Sant Gervasi,23,Sarrià,93,5004,39
2020,5,Sarrià-Sant Gervasi,23,Sarrià,93,5005,92
2020,5,Sarrià-Sant Gervasi,23,Sarrià,94,5006,48
2020,5,Sarrià-Sant Gervasi,23,Sarrià,95,5007,106
2020,5,Sarrià-Sant Gervasi,23,Sarrià,95,5008,51
2020,5,Sarrià-Sant Gervasi,23,Sarrià,95,5009,58
2020,5,Sarrià-Sant Gervasi,23,Sarrià,95,5010,41
2020,5,Sarrià-Sant Gervasi,23,Sarrià,95,5011,45
2020,5,Sarrià-Sant Gervasi,23,Sarrià,95,5012,41
2020,5,Sarrià-Sant Gervasi,23,Sarrià,95,5013,58
2020,5,Sarrià-Sant Gervasi,23,Sarrià,96,5014,53
2020,5,Sarrià-Sant Gervasi,23,Sarrià,96,5015,29
2020,5,Sarrià-Sant Gervasi,23,Sarrià,96,5016,60
2020,5,Sarrià-Sant Gervasi,23,Sarrià,96,5017,26
2020,5,Sarrià-Sant Gervasi,23,Sarrià,96,5018,49
2020,5,Sarrià-Sant Gervasi,23,Sarrià,96,5019,33
2020,5,Sarrià-Sant Gervasi,24,les Tres Torres,97,5020,48
2020,5,Sarrià-Sant Gervasi,24,les Tres Torres,97,5021,52
2020,5,Sarrià-Sant Gervasi,24,les Tres Torres,98,5022,48
2020,5,Sarrià-Sant Gervasi,24,les Tres Torres,98,5023,63
2020,5,Sarrià-Sant Gervasi,24,les Tres Torres,98,5024,58
2020,5,Sarrià-Sant Gervasi,24,les Tres Torres,99,5025,52
2020,5,Sarrià-Sant Gervasi,24,les Tres Torres,99,5026,20
2020,5,Sarrià-Sant Gervasi,24,les Tres Torres,99,5027,41
2020,5,Sarrià-Sant Gervasi,24,les Tres Torres,99,5028,34
2020,5,Sarrià-Sant Gervasi,24,les Tres Torres,99,5029,38
2020,5,Sarrià-Sant Gervasi,24,les Tres Torres,99,5030,41
2020,5,Sarrià-Sant Gervasi,25,Sant Gervasi - la Bonanova,100,5031,46
2020,5,Sarrià-Sant Gervasi,25,Sant Gervasi - la Bonanova,100,5032,78
2020,5,Sarrià-Sant Gervasi,25,Sant Gervasi - la Bonanova,101,5033,64
2020,5,Sarrià-Sant Gervasi,25,Sant Gervasi - la Bonanova,101,5034,30
2020,5,Sarrià-Sant Gervasi,25,Sant Gervasi - la Bonanova,102,5035,24
2020,5,Sarrià-Sant Gervasi,25,Sant Gervasi - la Bonanova,102,5036,47
2020,5,Sarrià-Sant Gervasi,25,Sant Gervasi - la Bonanova,102,5037,48
2020,5,Sarrià-Sant Gervasi,25,Sant Gervasi - la Bonanova,102,5038,74
2020,5,Sarrià-Sant Gervasi,25,Sant Gervasi - la Bonanova,102,5039,42
2020,5,Sarrià-Sant Gervasi,25,Sant Gervasi - la Bonanova,102,5040,53
2020,5,Sarrià-Sant Gervasi,25,Sant Gervasi - la Bonanova,102,5041,123
2020,5,Sarrià-Sant Gervasi,25,Sant Gervasi - la Bonanova,103,5042,44
2020,5,Sarrià-Sant Gervasi,25,Sant Gervasi - la Bonanova,103,5043,55
2020,5,Sarrià-Sant Gervasi,25,Sant Gervasi - la Bonanova,103,5044,30
2020,5,Sarrià-Sant Gervasi,25,Sant Gervasi - la Bonanova,103,5045,44
2020,5,Sarrià-Sant Gervasi,25,Sant Gervasi - la Bonanova,103,5046,22
2020,5,Sarrià-Sant Gervasi,25,Sant Gervasi - la Bonanova,103,5047,30
2020,5,Sarrià-Sant Gervasi,25,Sant Gervasi - la Bonanova,103,5048,36
2020,5,Sarrià-Sant Gervasi,26,Sant Gervasi - Galvany,104,5049,49
2020,5,Sarrià-Sant Gervasi,26,Sant Gervasi - Galvany,104,5050,55
2020,5,Sarrià-Sant Gervasi,26,Sant Gervasi - Galvany,104,5051,47
2020,5,Sarrià-Sant Gervasi,26,Sant Gervasi - Galvany,104,5052,20
2020,5,Sarrià-Sant Gervasi,26,Sant Gervasi - Galvany,105,5053,30
2020,5,Sarrià-Sant Gervasi,26,Sant Gervasi - Galvany,105,5054,37
2020,5,Sarrià-Sant Gervasi,26,Sant Gervasi - Galvany,105,5055,17
2020,5,Sarrià-Sant Gervasi,26,Sant Gervasi - Galvany,106,5056,61
2020,5,Sarrià-Sant Gervasi,26,Sant Gervasi - Galvany,106,5057,54
2020,5,Sarrià-Sant Gervasi,26,Sant Gervasi - Galvany,106,5058,66
2020,5,Sarrià-Sant Gervasi,26,Sant Gervasi - Galvany,106,5059,56
2020,5,Sarrià-Sant Gervasi,26,Sant Gervasi - Galvany,106,5060,55
2020,5,Sarrià-Sant Gervasi,26,Sant Gervasi - Galvany,107,5061,68
2020,5,Sarrià-Sant Gervasi,26,Sant Gervasi - Galvany,107,5062,60
2020,5,Sarrià-Sant Gervasi,26,Sant Gervasi - Galvany,107,5063,45
2020,5,Sarrià-Sant Gervasi,26,Sant Gervasi - Galvany,107,5064,75
2020,5,Sarrià-Sant Gervasi,26,Sant Gervasi - Galvany,107,5065,73
2020,5,Sarrià-Sant Gervasi,26,Sant Gervasi - Galvany,108,5066,71
2020,5,Sarrià-Sant Gervasi,26,Sant Gervasi - Galvany,108,5067,35
2020,5,Sarrià-Sant Gervasi,26,Sant Gervasi - Galvany,108,5068,70
2020,5,Sarrià-Sant Gervasi,26,Sant Gervasi - Galvany,108,5069,64
2020,5,Sarrià-Sant Gervasi,26,Sant Gervasi - Galvany,109,5070,57
2020,5,Sarrià-Sant Gervasi,26,Sant Gervasi - Galvany,109,5071,74
2020,5,Sarrià-Sant Gervasi,26,Sant Gervasi - Galvany,109,5072,55
2020,5,Sarrià-Sant Gervasi,26,Sant Gervasi - Galvany,109,5073,64
2020,5,Sarrià-Sant Gervasi,26,Sant Gervasi - Galvany,109,5074,39
2020,5,Sarrià-Sant Gervasi,26,Sant Gervasi - Galvany,110,5075,78
2020,5,Sarrià-Sant Gervasi,26,Sant Gervasi - Galvany,110,5076,52
2020,5,Sarrià-Sant Gervasi,26,Sant Gervasi - Galvany,110,5077,45
2020,5,Sarrià-Sant Gervasi,26,Sant Gervasi - Galvany,110,5078,59
2020,5,Sarrià-Sant Gervasi,26,Sant Gervasi - Galvany,110,5079,48
2020,5,Sarrià-Sant Gervasi,27,el Putxet i el Farró,111,5080,62
2020,5,Sarrià-Sant Gervasi,27,el Putxet i el Farró,111,5081,69
2020,5,Sarrià-Sant Gervasi,27,el Putxet i el Farró,111,5082,54
2020,5,Sarrià-Sant Gervasi,27,el Putxet i el Farró,111,5083,40
2020,5,Sarrià-Sant Gervasi,27,el Putxet i el Farró,111,5084,51
2020,5,Sarrià-Sant Gervasi,27,el Putxet i el Farró,111,5085,56
2020,5,Sarrià-Sant Gervasi,27,el Putxet i el Farró,111,5086,48
2020,5,Sarrià-Sant Gervasi,27,el Putxet i el Farró,111,5087,74
2020,5,Sarrià-Sant Gervasi,27,el Putxet i el Farró,112,5088,42
2020,5,Sarrià-Sant Gervasi,27,el Putxet i el Farró,112,5089,91
2020,5,Sarrià-Sant Gervasi,27,el Putxet i el Farró,112,5090,62
2020,5,Sarrià-Sant Gervasi,27,el Putxet i el Farró,112,5091,50
2020,5,Sarrià-Sant Gervasi,27,el Putxet i el Farró,112,5092,44
2020,5,Sarrià-Sant Gervasi,27,el Putxet i el Farró,113,5093,37
2020,5,Sarrià-Sant Gervasi,27,el Putxet i el Farró,113,5094,74
2020,5,Sarrià-Sant Gervasi,27,el Putxet i el Farró,113,5095,64
2020,5,Sarrià-Sant Gervasi,27,el Putxet i el Farró,113,5096,50
2020,5,Sarrià-Sant Gervasi,27,el Putxet i el Farró,113,5097,50
2020,5,Sarrià-Sant Gervasi,27,el Putxet i el Farró,113,5098,49
2020,6,Gràcia,28,Vallcarca i els Penitents,114,6001,64
2020,6,Gràcia,28,Vallcarca i els Penitents,114,6002,96
2020,6,Gràcia,28,Vallcarca i els Penitents,114,6003,101
2020,6,Gràcia,28,Vallcarca i els Penitents,114,6004,42
2020,6,Gràcia,28,Vallcarca i els Penitents,115,6006,22
2020,6,Gràcia,28,Vallcarca i els Penitents,115,6007,62
2020,6,Gràcia,28,Vallcarca i els Penitents,115,6008,78
2020,6,Gràcia,28,Vallcarca i els Penitents,116,6009,32
2020,6,Gràcia,28,Vallcarca i els Penitents,116,6010,56
2020,6,Gràcia,28,Vallcarca i els Penitents,117,6011,29
2020,6,Gràcia,28,Vallcarca i els Penitents,117,6012,32
2020,6,Gràcia,29,el Coll,118,6013,76
2020,6,Gràcia,29,el Coll,118,6014,66
2020,6,Gràcia,29,el Coll,118,6015,52
2020,6,Gràcia,29,el Coll,118,6016,81
2020,6,Gràcia,29,el Coll,118,6017,56
2020,6,Gràcia,30,la Salut,119,6018,50
2020,6,Gràcia,30,la Salut,119,6019,73
2020,6,Gràcia,30,la Salut,119,6020,85
2020,6,Gràcia,30,la Salut,119,6021,48
2020,6,Gràcia,30,la Salut,120,6022,56
2020,6,Gràcia,30,la Salut,120,6023,23
2020,6,Gràcia,30,la Salut,120,6024,58
2020,6,Gràcia,30,la Salut,120,6025,41
2020,6,Gràcia,30,la Salut,120,6026,50
2020,6,Gràcia,30,la Salut,120,6027,36
2020,6,Gràcia,31,la Vila de Gràcia,121,6028,53
2020,6,Gràcia,31,la Vila de Gràcia,121,6029,54
2020,6,Gràcia,31,la Vila de Gràcia,121,6030,46
2020,6,Gràcia,31,la Vila de Gràcia,121,6031,46
2020,6,Gràcia,31,la Vila de Gràcia,121,6032,40
2020,6,Gràcia,31,la Vila de Gràcia,122,6033,59
2020,6,Gràcia,31,la Vila de Gràcia,122,6034,58
2020,6,Gràcia,31,la Vila de Gràcia,122,6035,32
2020,6,Gràcia,31,la Vila de Gràcia,122,6036,70
2020,6,Gràcia,31,la Vila de Gràcia,123,6037,38
2020,6,Gràcia,31,la Vila de Gràcia,123,6038,66
2020,6,Gràcia,31,la Vila de Gràcia,123,6039,98
2020,6,Gràcia,31,la Vila de Gràcia,124,6040,95
2020,6,Gràcia,31,la Vila de Gràcia,124,6041,84
2020,6,Gràcia,31,la Vila de Gràcia,124,6042,99
2020,6,Gràcia,31,la Vila de Gràcia,125,6043,77
2020,6,Gràcia,31,la Vila de Gràcia,125,6044,107
2020,6,Gràcia,31,la Vila de Gràcia,126,6045,93
2020,6,Gràcia,31,la Vila de Gràcia,126,6046,84
2020,6,Gràcia,31,la Vila de Gràcia,126,6047,75
2020,6,Gràcia,31,la Vila de Gràcia,126,6048,107
2020,6,Gràcia,31,la Vila de Gràcia,127,6049,60
2020,6,Gràcia,31,la Vila de Gràcia,127,6050,67
2020,6,Gràcia,31,la Vila de Gràcia,127,6051,66
2020,6,Gràcia,31,la Vila de Gràcia,128,6052,61
2020,6,Gràcia,31,la Vila de Gràcia,128,6053,73
2020,6,Gràcia,31,la Vila de Gràcia,128,6054,116
2020,6,Gràcia,31,la Vila de Gràcia,129,6055,55
2020,6,Gràcia,31,la Vila de Gràcia,129,6056,76
2020,6,Gràcia,31,la Vila de Gràcia,129,6057,72
2020,6,Gràcia,31,la Vila de Gràcia,129,6058,108
2020,6,Gràcia,31,la Vila de Gràcia,129,6059,79
2020,6,Gràcia,31,la Vila de Gràcia,130,6060,75
2020,6,Gràcia,31,la Vila de Gràcia,130,6061,60
2020,6,Gràcia,31,la Vila de Gràcia,130,6062,40
2020,6,Gràcia,31,la Vila de Gràcia,130,6063,96
2020,6,Gràcia,32,el Camp d'en Grassot i Gràcia Nova,131,6064,80
2020,6,Gràcia,32,el Camp d'en Grassot i Gràcia Nova,131,6065,36
2020,6,Gràcia,32,el Camp d'en Grassot i Gràcia Nova,131,6066,45
2020,6,Gràcia,32,el Camp d'en Grassot i Gràcia Nova,131,6067,72
2020,6,Gràcia,32,el Camp d'en Grassot i Gràcia Nova,131,6068,77
2020,6,Gràcia,32,el Camp d'en Grassot i Gràcia Nova,131,6069,65
2020,6,Gràcia,32,el Camp d'en Grassot i Gràcia Nova,131,6070,94
2020,6,Gràcia,32,el Camp d'en Grassot i Gràcia Nova,132,6071,51
2020,6,Gràcia,32,el Camp d'en Grassot i Gràcia Nova,132,6072,59
2020,6,Gràcia,32,el Camp d'en Grassot i Gràcia Nova,132,6073,64
2020,6,Gràcia,32,el Camp d'en Grassot i Gràcia Nova,132,6074,70
2020,6,Gràcia,32,el Camp d'en Grassot i Gràcia Nova,132,6075,16
2020,6,Gràcia,32,el Camp d'en Grassot i Gràcia Nova,132,6076,31
2020,6,Gràcia,32,el Camp d'en Grassot i Gràcia Nova,133,6077,39
2020,6,Gràcia,32,el Camp d'en Grassot i Gràcia Nova,133,6078,65
2020,6,Gràcia,32,el Camp d'en Grassot i Gràcia Nova,133,6079,43
2020,6,Gràcia,32,el Camp d'en Grassot i Gràcia Nova,133,6080,28
2020,6,Gràcia,32,el Camp d'en Grassot i Gràcia Nova,133,6081,50
2020,6,Gràcia,32,el Camp d'en Grassot i Gràcia Nova,134,6082,198
2020,6,Gràcia,32,el Camp d'en Grassot i Gràcia Nova,134,6083,47
2020,6,Gràcia,32,el Camp d'en Grassot i Gràcia Nova,134,6084,51
2020,6,Gràcia,32,el Camp d'en Grassot i Gràcia Nova,134,6085,33
2020,6,Gràcia,32,el Camp d'en Grassot i Gràcia Nova,134,6086,17
2020,6,Gràcia,32,el Camp d'en Grassot i Gràcia Nova,134,6087,44
2020,6,Gràcia,32,el Camp d'en Grassot i Gràcia Nova,134,6088,39
2020,7,Horta-Guinardó,33,el Baix Guinardó,135,7001,53
2020,7,Horta-Guinardó,33,el Baix Guinardó,135,7002,29
2020,7,Horta-Guinardó,33,el Baix Guinardó,135,7003,60
2020,7,Horta-Guinardó,33,el Baix Guinardó,135,7004,60
2020,7,Horta-Guinardó,33,el Baix Guinardó,135,7005,54
2020,7,Horta-Guinardó,33,el Baix Guinardó,135,7006,21
2020,7,Horta-Guinardó,33,el Baix Guinardó,135,7007,48
2020,7,Horta-Guinardó,33,el Baix Guinardó,135,7008,58
2020,7,Horta-Guinardó,33,el Baix Guinardó,136,7009,47
2020,7,Horta-Guinardó,33,el Baix Guinardó,136,7010,60
2020,7,Horta-Guinardó,33,el Baix Guinardó,136,7011,81
2020,7,Horta-Guinardó,33,el Baix Guinardó,136,7012,51
2020,7,Horta-Guinardó,33,el Baix Guinardó,136,7013,38
2020,7,Horta-Guinardó,33,el Baix Guinardó,137,7014,32
2020,7,Horta-Guinardó,33,el Baix Guinardó,137,7015,51
2020,7,Horta-Guinardó,33,el Baix Guinardó,137,7016,36
2020,7,Horta-Guinardó,33,el Baix Guinardó,137,7017,67
2020,7,Horta-Guinardó,33,el Baix Guinardó,137,7018,60
2020,7,Horta-Guinardó,33,el Baix Guinardó,137,7019,43
2020,7,Horta-Guinardó,34,Can Baró,138,7020,66
2020,7,Horta-Guinardó,34,Can Baró,138,7021,21
2020,7,Horta-Guinardó,34,Can Baró,138,7022,28
2020,7,Horta-Guinardó,34,Can Baró,138,7023,57
2020,7,Horta-Guinardó,34,Can Baró,138,7024,59
2020,7,Horta-Guinardó,34,Can Baró,138,7025,43
2020,7,Horta-Guinardó,34,Can Baró,138,7026,39
2020,7,Horta-Guinardó,35,el Guinardó,139,7027,79
2020,7,Horta-Guinardó,35,el Guinardó,139,7028,56
2020,7,Horta-Guinardó,35,el Guinardó,139,7029,31
2020,7,Horta-Guinardó,35,el Guinardó,139,7030,51
2020,7,Horta-Guinardó,35,el Guinardó,140,7031,58
2020,7,Horta-Guinardó,35,el Guinardó,140,7032,43
2020,7,Horta-Guinardó,35,el Guinardó,140,7033,31
2020,7,Horta-Guinardó,35,el Guinardó,140,7034,38
2020,7,Horta-Guinardó,35,el Guinardó,140,7035,45
2020,7,Horta-Guinardó,35,el Guinardó,140,7036,41
2020,7,Horta-Guinardó,35,el Guinardó,140,7037,46
2020,7,Horta-Guinardó,35,el Guinardó,140,7038,26
2020,7,Horta-Guinardó,35,el Guinardó,141,7039,91
2020,7,Horta-Guinardó,35,el Guinardó,141,7040,67
2020,7,Horta-Guinardó,35,el Guinardó,141,7041,80
2020,7,Horta-Guinardó,35,el Guinardó,142,7042,54
2020,7,Horta-Guinardó,35,el Guinardó,142,7043,44
2020,7,Horta-Guinardó,35,el Guinardó,142,7044,42
2020,7,Horta-Guinardó,35,el Guinardó,142,7045,54
2020,7,Horta-Guinardó,35,el Guinardó,142,7046,40
2020,7,Horta-Guinardó,35,el Guinardó,143,7047,49
2020,7,Horta-Guinardó,35,el Guinardó,143,7048,38
2020,7,Horta-Guinardó,35,el Guinardó,143,7049,48
2020,7,Horta-Guinardó,35,el Guinardó,143,7050,44
2020,7,Horta-Guinardó,35,el Guinardó,143,7051,61
2020,7,Horta-Guinardó,36,la Font d'en Fargues,144,7052,30
2020,7,Horta-Guinardó,36,la Font d'en Fargues,144,7053,25
2020,7,Horta-Guinardó,36,la Font d'en Fargues,144,7054,28
2020,7,Horta-Guinardó,36,la Font d'en Fargues,145,7055,10
2020,7,Horta-Guinardó,36,la Font d'en Fargues,145,7056,23
2020,7,Horta-Guinardó,36,la Font d'en Fargues,145,7057,42
2020,7,Horta-Guinardó,36,la Font d'en Fargues,145,7058,26
2020,7,Horta-Guinardó,37,el Carmel,146,7059,66
2020,7,Horta-Guinardó,37,el Carmel,146,7060,83
2020,7,Horta-Guinardó,37,el Carmel,147,7061,36
2020,7,Horta-Guinardó,37,el Carmel,147,7062,43
2020,7,Horta-Guinardó,37,el Carmel,147,7063,38
2020,7,Horta-Guinardó,37,el Carmel,147,7064,73
2020,7,Horta-Guinardó,37,el Carmel,147,7065,91
2020,7,Horta-Guinardó,37,el Carmel,147,7066,67
2020,7,Horta-Guinardó,37,el Carmel,147,7067,54
2020,7,Horta-Guinardó,37,el Carmel,147,7068,66
2020,7,Horta-Guinardó,37,el Carmel,147,7069,66
2020,7,Horta-Guinardó,37,el Carmel,147,7070,56
2020,7,Horta-Guinardó,37,el Carmel,148,7071,47
2020,7,Horta-Guinardó,37,el Carmel,148,7072,45
2020,7,Horta-Guinardó,37,el Carmel,148,7073,39
2020,7,Horta-Guinardó,37,el Carmel,148,7074,59
2020,7,Horta-Guinardó,37,el Carmel,148,7075,36
2020,7,Horta-Guinardó,37,el Carmel,148,7076,55
2020,7,Horta-Guinardó,37,el Carmel,148,7077,38
2020,7,Horta-Guinardó,37,el Carmel,148,7078,41
2020,7,Horta-Guinardó,37,el Carmel,148,7079,58
2020,7,Horta-Guinardó,37,el Carmel,148,7080,73
2020,7,Horta-Guinardó,38,la Teixonera,149,7081,77
2020,7,Horta-Guinardó,38,la Teixonera,149,7082,45
2020,7,Horta-Guinardó,38,la Teixonera,149,7083,66
2020,7,Horta-Guinardó,38,la Teixonera,149,7084,68
2020,7,Horta-Guinardó,38,la Teixonera,149,7085,35
2020,7,Horta-Guinardó,38,la Teixonera,149,7086,64
2020,7,Horta-Guinardó,38,la Teixonera,149,7087,51
2020,7,Horta-Guinardó,38,la Teixonera,149,7088,78
2020,7,Horta-Guinardó,39,Sant Genís dels Agudells,150,7089,38
2020,7,Horta-Guinardó,39,Sant Genís dels Agudells,150,7090,45
2020,7,Horta-Guinardó,39,Sant Genís dels Agudells,150,7091,39
2020,7,Horta-Guinardó,39,Sant Genís dels Agudells,150,7092,61
2020,7,Horta-Guinardó,39,Sant Genís dels Agudells,150,7093,92
2020,7,Horta-Guinardó,40,Montbau,151,7094,48
2020,7,Horta-Guinardó,40,Montbau,151,7095,68
2020,7,Horta-Guinardó,40,Montbau,151,7096,55
2020,7,Horta-Guinardó,40,Montbau,151,7097,40
2020,7,Horta-Guinardó,41,la Vall d'Hebron,152,7098,35
2020,7,Horta-Guinardó,41,la Vall d'Hebron,152,7099,27
2020,7,Horta-Guinardó,41,la Vall d'Hebron,152,7100,42
2020,7,Horta-Guinardó,41,la Vall d'Hebron,152,7101,65
2020,7,Horta-Guinardó,42,la Clota,153,7102,22
2020,7,Horta-Guinardó,43,Horta,154,7103,81
2020,7,Horta-Guinardó,43,Horta,154,7104,45
2020,7,Horta-Guinardó,43,Horta,154,7105,17
2020,7,Horta-Guinardó,43,Horta,154,7106,28
2020,7,Horta-Guinardó,43,Horta,154,7107,22
2020,7,Horta-Guinardó,43,Horta,154,7108,31
2020,7,Horta-Guinardó,43,Horta,154,7109,58
2020,7,Horta-Guinardó,43,Horta,154,7110,14
2020,7,Horta-Guinardó,43,Horta,154,7111,11
2020,7,Horta-Guinardó,43,Horta,155,7112,30
2020,7,Horta-Guinardó,43,Horta,155,7113,34
2020,7,Horta-Guinardó,43,Horta,155,7114,29
2020,7,Horta-Guinardó,43,Horta,155,7115,25
2020,7,Horta-Guinardó,43,Horta,155,7116,23
2020,7,Horta-Guinardó,43,Horta,155,7117,465
2020,7,Horta-Guinardó,43,Horta,155,7118,27
2020,7,Horta-Guinardó,43,Horta,156,7119,50
2020,7,Horta-Guinardó,43,Horta,156,7120,43
2020,7,Horta-Guinardó,43,Horta,156,7121,33
2020,7,Horta-Guinardó,43,Horta,156,7122,25
2020,7,Horta-Guinardó,43,Horta,156,7123,32
2020,8,Nou Barris,44,Vilapicina i la Torre Llobeta,157,8001,24
2020,8,Nou Barris,44,Vilapicina i la Torre Llobeta,157,8002,22
2020,8,Nou Barris,44,Vilapicina i la Torre Llobeta,157,8003,32
2020,8,Nou Barris,44,Vilapicina i la Torre Llobeta,157,8004,53
2020,8,Nou Barris,44,Vilapicina i la Torre Llobeta,157,8005,29
2020,8,Nou Barris,44,Vilapicina i la Torre Llobeta,157,8006,79
2020,8,Nou Barris,44,Vilapicina i la Torre Llobeta,157,8007,46
2020,8,Nou Barris,44,Vilapicina i la Torre Llobeta,157,8008,67
2020,8,Nou Barris,44,Vilapicina i la Torre Llobeta,158,8009,42
2020,8,Nou Barris,44,Vilapicina i la Torre Llobeta,159,8010,18
2020,8,Nou Barris,44,Vilapicina i la Torre Llobeta,159,8011,18
2020,8,Nou Barris,44,Vilapicina i la Torre Llobeta,159,8012,39
2020,8,Nou Barris,44,Vilapicina i la Torre Llobeta,159,8013,24
2020,8,Nou Barris,44,Vilapicina i la Torre Llobeta,159,8014,48
2020,8,Nou Barris,44,Vilapicina i la Torre Llobeta,160,8015,62
2020,8,Nou Barris,44,Vilapicina i la Torre Llobeta,160,8016,31
2020,8,Nou Barris,44,Vilapicina i la Torre Llobeta,160,8017,73
2020,8,Nou Barris,44,Vilapicina i la Torre Llobeta,160,8018,36
2020,8,Nou Barris,44,Vilapicina i la Torre Llobeta,160,8019,86
2020,8,Nou Barris,45,Porta,161,8020,45
2020,8,Nou Barris,45,Porta,161,8021,33
2020,8,Nou Barris,45,Porta,161,8022,32
2020,8,Nou Barris,45,Porta,161,8023,51
2020,8,Nou Barris,45,Porta,161,8024,45
2020,8,Nou Barris,45,Porta,161,8025,44
2020,8,Nou Barris,45,Porta,161,8026,31
2020,8,Nou Barris,45,Porta,162,8027,24
2020,8,Nou Barris,45,Porta,162,8028,31
2020,8,Nou Barris,45,Porta,162,8029,16
2020,8,Nou Barris,45,Porta,162,8030,28
2020,8,Nou Barris,45,Porta,163,8031,34
2020,8,Nou Barris,45,Porta,163,8032,29
2020,8,Nou Barris,45,Porta,163,8033,67
2020,8,Nou Barris,45,Porta,163,8034,41
2020,8,Nou Barris,45,Porta,163,8035,652
2020,8,Nou Barris,45,Porta,163,8036,74
2020,8,Nou Barris,45,Porta,163,8037,54
2020,8,Nou Barris,46,el Turó de la Peira,164,8038,51
2020,8,Nou Barris,46,el Turó de la Peira,164,8039,74
2020,8,Nou Barris,46,el Turó de la Peira,164,8040,54
2020,8,Nou Barris,46,el Turó de la Peira,164,8041,154
2020,8,Nou Barris,46,el Turó de la Peira,164,8042,30
2020,8,Nou Barris,46,el Turó de la Peira,164,8043,17
2020,8,Nou Barris,46,el Turó de la Peira,165,8044,43
2020,8,Nou Barris,46,el Turó de la Peira,165,8045,75
2020,8,Nou Barris,46,el Turó de la Peira,165,8046,46
2020,8,Nou Barris,46,el Turó de la Peira,165,8047,83
2020,8,Nou Barris,47,Can Peguera,166,8048,9
2020,8,Nou Barris,47,Can Peguera,166,8049,15
2020,8,Nou Barris,48,la Guineueta,167,8050,20
2020,8,Nou Barris,48,la Guineueta,167,8051,22
2020,8,Nou Barris,48,la Guineueta,167,8052,28
2020,8,Nou Barris,48,la Guineueta,167,8053,24
2020,8,Nou Barris,48,la Guineueta,167,8054,33
2020,8,Nou Barris,48,la Guineueta,167,8055,26
2020,8,Nou Barris,48,la Guineueta,167,8215,42
2020,8,Nou Barris,48,la Guineueta,168,8056,34
2020,8,Nou Barris,48,la Guineueta,168,8057,37
2020,8,Nou Barris,48,la Guineueta,168,8058,45
2020,8,Nou Barris,48,la Guineueta,168,8059,23
2020,8,Nou Barris,49,Canyelles,169,8060,18
2020,8,Nou Barris,49,Canyelles,169,8061,22
2020,8,Nou Barris,49,Canyelles,169,8062,22
2020,8,Nou Barris,49,Canyelles,169,8063,9
2020,8,Nou Barris,49,Canyelles,169,8064,33
2020,8,Nou Barris,50,les Roquetes,170,8065,73
2020,8,Nou Barris,50,les Roquetes,170,8066,64
2020,8,Nou Barris,50,les Roquetes,170,8067,63
2020,8,Nou Barris,50,les Roquetes,170,8068,65
2020,8,Nou Barris,50,les Roquetes,170,8069,54
2020,8,Nou Barris,50,les Roquetes,171,8070,75
2020,8,Nou Barris,50,les Roquetes,171,8071,49
2020,8,Nou Barris,50,les Roquetes,171,8072,38
2020,8,Nou Barris,50,les Roquetes,171,8073,105
2020,8,Nou Barris,50,les Roquetes,171,8074,79
2020,8,Nou Barris,51,Verdun,172,8075,75
2020,8,Nou Barris,51,Verdun,172,8076,44
2020,8,Nou Barris,51,Verdun,172,8077,30
2020,8,Nou Barris,51,Verdun,173,8078,92
2020,8,Nou Barris,51,Verdun,173,8079,72
2020,8,Nou Barris,51,Verdun,173,8080,68
2020,8,Nou Barris,51,Verdun,173,8081,77
2020,8,Nou Barris,51,Verdun,173,8082,77
2020,8,Nou Barris,52,la Prosperitat,174,8083,59
2020,8,Nou Barris,52,la Prosperitat,174,8084,26
2020,8,Nou Barris,52,la Prosperitat,174,8085,45
2020,8,Nou Barris,52,la Prosperitat,174,8086,59
2020,8,Nou Barris,52,la Prosperitat,175,8087,26
2020,8,Nou Barris,52,la Prosperitat,175,8088,50
2020,8,Nou Barris,52,la Prosperitat,175,8089,43
2020,8,Nou Barris,52,la Prosperitat,175,8090,28
2020,8,Nou Barris,52,la Prosperitat,175,8091,47
2020,8,Nou Barris,52,la Prosperitat,176,8092,39
2020,8,Nou Barris,52,la Prosperitat,176,8093,33
2020,8,Nou Barris,52,la Prosperitat,176,8094,41
2020,8,Nou Barris,52,la Prosperitat,176,8095,21
2020,8,Nou Barris,52,la Prosperitat,177,8096,35
2020,8,Nou Barris,52,la Prosperitat,177,8097,48
2020,8,Nou Barris,52,la Prosperitat,177,8098,27
2020,8,Nou Barris,52,la Prosperitat,177,8099,59
2020,8,Nou Barris,52,la Prosperitat,177,8100,55
2020,8,Nou Barris,52,la Prosperitat,177,8101,56
2020,8,Nou Barris,52,la Prosperitat,177,8102,68
2020,8,Nou Barris,53,la Trinitat Nova,178,8103,94
2020,8,Nou Barris,53,la Trinitat Nova,178,8104,71
2020,8,Nou Barris,53,la Trinitat Nova,178,8105,43
2020,8,Nou Barris,53,la Trinitat Nova,178,8106,43
2020,8,Nou Barris,53,la Trinitat Nova,178,8107,75
2020,8,Nou Barris,54,Torre Baró,179,8108,70
2020,8,Nou Barris,54,Torre Baró,179,8109,38
2020,8,Nou Barris,55,Ciutat Meridiana,180,8110,117
2020,8,Nou Barris,55,Ciutat Meridiana,180,8111,77
2020,8,Nou Barris,55,Ciutat Meridiana,180,8112,72
2020,8,Nou Barris,55,Ciutat Meridiana,180,8113,67
2020,8,Nou Barris,55,Ciutat Meridiana,180,8114,90
2020,8,Nou Barris,55,Ciutat Meridiana,180,8115,103
2020,8,Nou Barris,56,Vallbona,181,8116,48
2020,9,Sant Andreu,57,la Trinitat Vella,182,9001,130
2020,9,Sant Andreu,57,la Trinitat Vella,182,9002,100
2020,9,Sant Andreu,57,la Trinitat Vella,182,9003,130
2020,9,Sant Andreu,57,la Trinitat Vella,182,9004,61
2020,9,Sant Andreu,57,la Trinitat Vella,182,9005,59
2020,9,Sant Andreu,58,Baró de Viver,183,9006,15
2020,9,Sant Andreu,58,Baró de Viver,183,9007,51
2020,9,Sant Andreu,59,el Bon Pastor,184,9008,20
2020,9,Sant Andreu,59,el Bon Pastor,184,9009,33
2020,9,Sant Andreu,59,el Bon Pastor,185,9010,49
2020,9,Sant Andreu,59,el Bon Pastor,185,9011,54
2020,9,Sant Andreu,59,el Bon Pastor,185,9013,85
2020,9,Sant Andreu,59,el Bon Pastor,185,9014,400
2020,9,Sant Andreu,59,el Bon Pastor,185,9015,91
2020,9,Sant Andreu,60,Sant Andreu,186,9016,21
2020,9,Sant Andreu,60,Sant Andreu,186,9017,44
2020,9,Sant Andreu,60,Sant Andreu,186,9018,24
2020,9,Sant Andreu,60,Sant Andreu,186,9019,51
2020,9,Sant Andreu,60,Sant Andreu,186,9020,27
2020,9,Sant Andreu,60,Sant Andreu,186,9021,23
2020,9,Sant Andreu,60,Sant Andreu,186,9022,27
2020,9,Sant Andreu,60,Sant Andreu,186,9023,21
2020,9,Sant Andreu,60,Sant Andreu,187,9024,20
2020,9,Sant Andreu,60,Sant Andreu,187,9025,19
2020,9,Sant Andreu,60,Sant Andreu,187,9026,28
2020,9,Sant Andreu,60,Sant Andreu,187,9027,25
2020,9,Sant Andreu,60,Sant Andreu,188,9028,10
2020,9,Sant Andreu,60,Sant Andreu,188,9029,44
2020,9,Sant Andreu,60,Sant Andreu,188,9030,25
2020,9,Sant Andreu,60,Sant Andreu,188,9031,11
2020,9,Sant Andreu,60,Sant Andreu,189,9032,32
2020,9,Sant Andreu,60,Sant Andreu,189,9033,102
2020,9,Sant Andreu,60,Sant Andreu,190,9034,41
2020,9,Sant Andreu,60,Sant Andreu,190,9035,53
2020,9,Sant Andreu,60,Sant Andreu,190,9036,24
2020,9,Sant Andreu,60,Sant Andreu,190,9037,112
2020,9,Sant Andreu,60,Sant Andreu,190,9038,43
2020,9,Sant Andreu,60,Sant Andreu,190,9039,35
2020,9,Sant Andreu,60,Sant Andreu,191,9040,35
2020,9,Sant Andreu,60,Sant Andreu,191,9041,20
2020,9,Sant Andreu,60,Sant Andreu,191,9042,52
2020,9,Sant Andreu,60,Sant Andreu,191,9043,40
2020,9,Sant Andreu,60,Sant Andreu,191,9044,46
2020,9,Sant Andreu,60,Sant Andreu,191,9045,28
2020,9,Sant Andreu,60,Sant Andreu,192,9046,33
2020,9,Sant Andreu,60,Sant Andreu,192,9047,52
2020,9,Sant Andreu,60,Sant Andreu,192,9048,30
2020,9,Sant Andreu,60,Sant Andreu,192,9049,48
2020,9,Sant Andreu,60,Sant Andreu,192,9050,43
2020,9,Sant Andreu,60,Sant Andreu,192,9051,33
2020,9,Sant Andreu,60,Sant Andreu,192,9052,28
2020,9,Sant Andreu,60,Sant Andreu,192,9053,26
2020,9,Sant Andreu,60,Sant Andreu,192,9054,47
2020,9,Sant Andreu,61,la Sagrera,193,9055,88
2020,9,Sant Andreu,61,la Sagrera,193,9056,38
2020,9,Sant Andreu,61,la Sagrera,193,9057,82
2020,9,Sant Andreu,61,la Sagrera,193,9058,65
2020,9,Sant Andreu,61,la Sagrera,193,9059,45
2020,9,Sant Andreu,61,la Sagrera,193,9060,31
2020,9,Sant Andreu,61,la Sagrera,193,9156,28
2020,9,Sant Andreu,61,la Sagrera,194,9061,34
2020,9,Sant Andreu,61,la Sagrera,194,9062,45
2020,9,Sant Andreu,61,la Sagrera,195,9063,43
2020,9,Sant Andreu,61,la Sagrera,195,9064,39
2020,9,Sant Andreu,61,la Sagrera,195,9065,67
2020,9,Sant Andreu,61,la Sagrera,195,9066,43
2020,9,Sant Andreu,61,la Sagrera,195,9067,62
2020,9,Sant Andreu,61,la Sagrera,196,9068,35
2020,9,Sant Andreu,61,la Sagrera,196,9069,31
2020,9,Sant Andreu,61,la Sagrera,196,9070,71
2020,9,Sant Andreu,61,la Sagrera,196,9071,102
2020,9,Sant Andreu,61,la Sagrera,196,9072,56
2020,9,Sant Andreu,61,la Sagrera,196,9073,36
2020,9,Sant Andreu,62,el Congrés i els Indians,197,9074,56
2020,9,Sant Andreu,62,el Congrés i els Indians,197,9075,64
2020,9,Sant Andreu,62,el Congrés i els Indians,197,9076,44
2020,9,Sant Andreu,62,el Congrés i els Indians,197,9077,34
2020,9,Sant Andreu,62,el Congrés i els Indians,198,9078,38
2020,9,Sant Andreu,62,el Congrés i els Indians,198,9079,37
2020,9,Sant Andreu,62,el Congrés i els Indians,198,9080,32
2020,9,Sant Andreu,62,el Congrés i els Indians,198,9081,76
2020,9,Sant Andreu,62,el Congrés i els Indians,198,9082,78
2020,9,Sant Andreu,63,Navas,199,9083,43
2020,9,Sant Andreu,63,Navas,199,9084,59
2020,9,Sant Andreu,63,Navas,199,9085,48
2020,9,Sant Andreu,63,Navas,199,9086,51
2020,9,Sant Andreu,63,Navas,199,9087,40
2020,9,Sant Andreu,63,Navas,199,9088,72
2020,9,Sant Andreu,63,Navas,199,9089,57
2020,9,Sant Andreu,63,Navas,200,9090,54
2020,9,Sant Andreu,63,Navas,200,9091,53
2020,9,Sant Andreu,63,Navas,200,9092,58
2020,9,Sant Andreu,63,Navas,200,9093,29
2020,9,Sant Andreu,63,Navas,200,9094,78
2020,9,Sant Andreu,63,Navas,200,9095,92
2020,10,Sant Martí,64,el Camp de l'Arpa del Clot,201,10001,78
2020,10,Sant Martí,64,el Camp de l'Arpa del Clot,201,10002,66
2020,10,Sant Martí,64,el Camp de l'Arpa del Clot,201,10003,49
2020,10,Sant Martí,64,el Camp de l'Arpa del Clot,201,10004,59
2020,10,Sant Martí,64,el Camp de l'Arpa del Clot,201,10005,74
2020,10,Sant Martí,64,el Camp de l'Arpa del Clot,202,10006,68
2020,10,Sant Martí,64,el Camp de l'Arpa del Clot,202,10007,50
2020,10,Sant Martí,64,el Camp de l'Arpa del Clot,202,10008,104
2020,10,Sant Martí,64,el Camp de l'Arpa del Clot,202,10009,79
2020,10,Sant Martí,64,el Camp de l'Arpa del Clot,202,10010,76
2020,10,Sant Martí,64,el Camp de l'Arpa del Clot,202,10011,38
2020,10,Sant Martí,64,el Camp de l'Arpa del Clot,203,10012,76
2020,10,Sant Martí,64,el Camp de l'Arpa del Clot,203,10013,64
2020,10,Sant Martí,64,el Camp de l'Arpa del Clot,203,10014,90
2020,10,Sant Martí,64,el Camp de l'Arpa del Clot,203,10015,89
2020,10,Sant Martí,64,el Camp de l'Arpa del Clot,203,10016,63
2020,10,Sant Martí,64,el Camp de l'Arpa del Clot,203,10017,78
2020,10,Sant Martí,64,el Camp de l'Arpa del Clot,203,10018,73
2020,10,Sant Martí,64,el Camp de l'Arpa del Clot,204,10019,56
2020,10,Sant Martí,64,el Camp de l'Arpa del Clot,204,10020,65
2020,10,Sant Martí,64,el Camp de l'Arpa del Clot,204,10021,71
2020,10,Sant Martí,64,el Camp de l'Arpa del Clot,204,10022,67
2020,10,Sant Martí,64,el Camp de l'Arpa del Clot,204,10023,55
2020,10,Sant Martí,64,el Camp de l'Arpa del Clot,204,10024,76
2020,10,Sant Martí,64,el Camp de l'Arpa del Clot,204,10025,82
2020,10,Sant Martí,65,el Clot,205,10026,65
2020,10,Sant Martí,65,el Clot,205,10027,45
2020,10,Sant Martí,65,el Clot,205,10028,79
2020,10,Sant Martí,65,el Clot,205,10029,69
2020,10,Sant Martí,65,el Clot,205,10030,43
2020,10,Sant Martí,65,el Clot,205,10031,59
2020,10,Sant Martí,65,el Clot,206,10032,33
2020,10,Sant Martí,65,el Clot,206,10033,15
2020,10,Sant Martí,65,el Clot,206,10034,65
2020,10,Sant Martí,65,el Clot,206,10035,40
2020,10,Sant Martí,65,el Clot,206,10036,38
2020,10,Sant Martí,65,el Clot,206,10037,64
2020,10,Sant Martí,65,el Clot,206,10234,51
2020,10,Sant Martí,65,el Clot,207,10038,84
2020,10,Sant Martí,65,el Clot,207,10039,104
2020,10,Sant Martí,65,el Clot,207,10040,95
2020,10,Sant Martí,65,el Clot,207,10041,88
2020,10,Sant Martí,66,el Parc i la Llacuna del Poblenou,208,10042,107
2020,10,Sant Martí,66,el Parc i la Llacuna del Poblenou,208,10043,189
2020,10,Sant Martí,66,el Parc i la Llacuna del Poblenou,209,10044,68
2020,10,Sant Martí,66,el Parc i la Llacuna del Poblenou,209,10045,55
2020,10,Sant Martí,66,el Parc i la Llacuna del Poblenou,209,10046,43
2020,10,Sant Martí,66,el Parc i la Llacuna del Poblenou,209,10047,72
2020,10,Sant Martí,66,el Parc i la Llacuna del Poblenou,209,10048,62
2020,10,Sant Martí,66,el Parc i la Llacuna del Poblenou,209,10049,44
2020,10,Sant Martí,66,el Parc i la Llacuna del Poblenou,209,10050,57
2020,10,Sant Martí,67,la Vila Olímpica del Poblenou,210,10051,63
2020,10,Sant Martí,67,la Vila Olímpica del Poblenou,210,10052,91
2020,10,Sant Martí,67,la Vila Olímpica del Poblenou,210,10053,44
2020,10,Sant Martí,67,la Vila Olímpica del Poblenou,210,10054,48
2020,10,Sant Martí,67,la Vila Olímpica del Poblenou,211,10055,89
2020,10,Sant Martí,68,el Poblenou,212,10056,108
2020,10,Sant Martí,68,el Poblenou,212,10057,70
2020,10,Sant Martí,68,el Poblenou,212,10058,44
2020,10,Sant Martí,68,el Poblenou,213,10059,111
2020,10,Sant Martí,68,el Poblenou,213,10060,125
2020,10,Sant Martí,68,el Poblenou,213,10061,54
2020,10,Sant Martí,68,el Poblenou,213,10062,42
2020,10,Sant Martí,68,el Poblenou,214,10063,16
2020,10,Sant Martí,68,el Poblenou,214,10064,76
2020,10,Sant Martí,68,el Poblenou,214,10065,65
2020,10,Sant Martí,68,el Poblenou,214,10066,59
2020,10,Sant Martí,68,el Poblenou,214,10067,50
2020,10,Sant Martí,68,el Poblenou,214,10068,48
2020,10,Sant Martí,68,el Poblenou,215,10069,81
2020,10,Sant Martí,68,el Poblenou,215,10070,73
2020,10,Sant Martí,68,el Poblenou,215,10071,35
2020,10,Sant Martí,68,el Poblenou,215,10072,122
2020,10,Sant Martí,68,el Poblenou,215,10073,49
2020,10,Sant Martí,68,el Poblenou,215,10074,79
2020,10,Sant Martí,68,el Poblenou,215,10075,66
2020,10,Sant Martí,69,Diagonal Mar i el Front Marítim del Poblenou,216,10076,78
2020,10,Sant Martí,69,Diagonal Mar i el Front Marítim del Poblenou,216,10235,34
2020,10,Sant Martí,69,Diagonal Mar i el Front Marítim del Poblenou,216,10236,74
2020,10,Sant Martí,69,Diagonal Mar i el Front Marítim del Poblenou,217,10077,56
2020,10,Sant Martí,69,Diagonal Mar i el Front Marítim del Poblenou,217,10078,99
2020,10,Sant Martí,69,Diagonal Mar i el Front Marítim del Poblenou,217,10079,52
2020,10,Sant Martí,69,Diagonal Mar i el Front Marítim del Poblenou,218,10080,135
2020,10,Sant Martí,70,el Besòs i el Maresme,219,10081,137
2020,10,Sant Martí,70,el Besòs i el Maresme,219,10082,145
2020,10,Sant Martí,70,el Besòs i el Maresme,219,10083,170
2020,10,Sant Martí,70,el Besòs i el Maresme,219,10084,90
2020,10,Sant Martí,70,el Besòs i el Maresme,220,10085,174
2020,10,Sant Martí,70,el Besòs i el Maresme,220,10086,109
2020,10,Sant Martí,70,el Besòs i el Maresme,220,10087,124
2020,10,Sant Martí,70,el Besòs i el Maresme,220,10088,49
2020,10,Sant Martí,70,el Besòs i el Maresme,221,10089,561
2020,10,Sant Martí,70,el Besòs i el Maresme,222,10090,72
2020,10,Sant Martí,70,el Besòs i el Maresme,222,10091,66
2020,10,Sant Martí,70,el Besòs i el Maresme,222,10092,43
2020,10,Sant Martí,70,el Besòs i el Maresme,222,10093,21
2020,10,Sant Martí,71,Provençals del Poblenou,223,10094,151
2020,10,Sant Martí,71,Provençals del Poblenou,223,10095,47
2020,10,Sant Martí,71,Provençals del Poblenou,224,10096,60
2020,10,Sant Martí,71,Provençals del Poblenou,224,10097,37
2020,10,Sant Martí,71,Provençals del Poblenou,224,10098,28
2020,10,Sant Martí,71,Provençals del Poblenou,224,10099,17
2020,10,Sant Martí,71,Provençals del Poblenou,224,10100,88
2020,10,Sant Martí,71,Provençals del Poblenou,225,10101,103
2020,10,Sant Martí,71,Provençals del Poblenou,225,10102,86
2020,10,Sant Martí,71,Provençals del Poblenou,225,10103,52
2020,10,Sant Martí,71,Provençals del Poblenou,225,10104,24
2020,10,Sant Martí,71,Provençals del Poblenou,225,10237,40
2020,10,Sant Martí,72,Sant Martí de Provençals,226,10105,48
2020,10,Sant Martí,72,Sant Martí de Provençals,226,10106,21
2020,10,Sant Martí,72,Sant Martí de Provençals,226,10107,43
2020,10,Sant Martí,72,Sant Martí de Provençals,226,10108,40
2020,10,Sant Martí,72,Sant Martí de Provençals,226,10109,74
2020,10,Sant Martí,72,Sant Martí de Provençals,226,10110,83
2020,10,Sant Martí,72,Sant Martí de Provençals,227,10111,39
2020,10,Sant Martí,72,Sant Martí de Provençals,227,10112,27
2020,10,Sant Martí,72,Sant Martí de Provençals,227,10113,47
2020,10,Sant Martí,72,Sant Martí de Provençals,227,10114,61
2020,10,Sant Martí,72,Sant Martí de Provençals,228,10115,52
2020,10,Sant Martí,72,Sant Martí de Provençals,228,10116,76
2020,10,Sant Martí,72,Sant Martí de Provençals,228,10117,32
2020,10,Sant Martí,72,Sant Martí de Provençals,228,10118,17
2020,10,Sant Martí,72,Sant Martí de Provençals,228,10119,32
2020,10,Sant Martí,72,Sant Martí de Provençals,229,10120,56
2020,10,Sant Martí,72,Sant Martí de Provençals,229,10121,73
2020,10,Sant Martí,72,Sant Martí de Provençals,229,10122,29
2020,10,Sant Martí,73,la Verneda i la Pau,230,10123,29
2020,10,Sant Martí,73,la Verneda i la Pau,230,10124,20
2020,10,Sant Martí,73,la Verneda i la Pau,230,10125,24
2020,10,Sant Martí,73,la Verneda i la Pau,230,10126,21
2020,10,Sant Martí,73,la Verneda i la Pau,230,10127,25
2020,10,Sant Martí,73,la Verneda i la Pau,230,10128,34
2020,10,Sant Martí,73,la Verneda i la Pau,230,10129,31
2020,10,Sant Martí,73,la Verneda i la Pau,231,10130,38
2020,10,Sant Martí,73,la Verneda i la Pau,231,10131,21
2020,10,Sant Martí,73,la Verneda i la Pau,231,10132,39
2020,10,Sant Martí,73,la Verneda i la Pau,231,10133,60
2020,10,Sant Martí,73,la Verneda i la Pau,231,10134,48
2020,10,Sant Martí,73,la Verneda i la Pau,231,10135,30
2020,10,Sant Martí,73,la Verneda i la Pau,232,10136,38
2020,10,Sant Martí,73,la Verneda i la Pau,232,10137,43
2020,10,Sant Martí,73,la Verneda i la Pau,232,10138,65
2020,10,Sant Martí,73,la Verneda i la Pau,232,10139,80
2020,10,Sant Martí,73,la Verneda i la Pau,233,10140,76
2020,10,Sant Martí,73,la Verneda i la Pau,233,10141,15
2020,10,Sant Martí,73,la Verneda i la Pau,233,10142,60
2020,10,Sant Martí,73,la Verneda i la Pau,233,10143,44
